<?xml version="1.0" encoding="UTF-8"?>
<!DOCTYPE hibernate-configuration PUBLIC
	"-//Hibernate/Hibernate Configuration DTD 3.0//EN"
	"http://www.hibernate.org/dtd/hibernate-configuration-3.0.dtd">
	
<hibernate-configuration>

	<session-factory>

		<property name="connection.driver_class"> com.mysql.cj.jdbc.Driver </property>
		<property name="connection.url"> jdbc:mysql://localhost:3306/exam_portal?createDatabaseIfNotExist=true</property>		
		<property name="connection.username"> root </property>
		<property name="connection.password"> 1234 </property>
		
		<property name="dialect"> org.hibernate.dialect.MySQL8Dialect </property>
		<property name="hbm2ddl.auto"> update </property>
		<property name="show_sql"> true </property>
		
		<mapping class="com.sevya.entity.Student" />
		<mapping class="com.sevya.entity.Standard" />
		<mapping class="com.sevya.entity.Subject" />
		<mapping class="com.sevya.entity.Exam" />
		<mapping class="com.sevya.entity.StudentSubjectMapper" />
		<mapping class="com.sevya.entity.StudentExamMapper" />
		
		
	</session-factory>

</hibernate-configuration>